{"ProjectBreakpoints":"{\"Value\":{\"framework/process.xaml\":[{\"ConditionalExpression\":null,\"ActionExpression\":null,\"ExpectedHitCounter\":null,\"ShouldContinueAfterAction\":false,\"IsTransient\":false,\"IsEnabled\":true,\"Id\":\"7eb88e47-1e27-4782-ab0b-7ff87d23322c\",\"ActivityIdRef\":\"InvokeWorkflowFile_37\",\"ActivityId\":\"1.15\",\"ActivityName\":\"Invoke ResultReports workflow\"}],\"workflows/reports/basicadj.xaml\":[{\"ConditionalExpression\":null,\"ActionExpression\":null,\"ExpectedHitCounter\":null,\"ShouldContinueAfterAction\":false,\"IsTransient\":false,\"IsEnabled\":true,\"Id\":\"0be06f16-8608-4c10-a0fa-fe7493eefa43\",\"ActivityIdRef\":\"Assign_9\",\"ActivityId\":\"1.124\",\"ActivityName\":\"Assign\"}]}}","OpenedDocuments":"[\"Workflows/FileAndDirectoryValidation.xaml\",\"Workflows/Neocase/SGPayrollProcess.xaml\",\"Framework/Process.xaml\",\"Workflows/Neocase/SGPayroll.xaml\",\"Main.xaml\"]","ProjectWatches":"{\"Value\":[]}","LibraryProjectSettings":"{\"IncludeSourcesByDefault\":true,\"CompileExpressions\":true,\"ReadyToRun\":false,\"DefaultActivitiesRootCategories\":[null]}"}